iter	TotalF1:average=Macro	MultiClass
0	0.3652575051	1.547812281
1	0.4894660029	1.49869865
2	0.4586891497	1.46026682
3	0.4644692323	1.427505172
4	0.4701155635	1.399812478
